Gryffindor,Hufflepuff,Ravenclaw,Slytherin
-7.24205442824046,10.01819441734402,4.429687372558242,-14.493545308412891
0.09047848390393261,3.195288938387855,-0.9961659531909296,-2.867890469025422
-9.37055645695318,27.025493218752068,9.220527258796862,-14.902042783123969
0.26814538572931257,-0.6914697911795483,2.1429413193140814,-1.7952287437934553
0.7126648014065193,-1.2456930646109385,1.4785957412026587,-1.5262350671353644
-3.0753464297179605,5.489166832346327,2.502027362674414,-2.560196790320412
-1.644261043081072,13.846658269369005,10.112609222437067,-14.579325010763329
17.919180905025495,-10.394051704290387,1.1303857740998526,-6.642226915495658
